author,publishdate,title,description,upvote
DataCamp Team,2020-10-23,Installing Jupyter Notebook, ,19
DataCamp Team,2020-10-23,Joins in SQL, ,6
DataCamp Team,2020-10-23,What is SQL?, ,8
DataCamp Team,2020-10-23,PCH in R, ,2
DataCamp Team,2020-10-23,Python String format(), ,6
DataCamp Team,2020-10-23,Insert Into SQL, ,2
DataCamp Team,2020-10-23,SQL Database Overview, ,3
DataCamp Team,2020-10-23,Python Classes, ,7
DataCamp Team,2020-09-25,Box Plot in R, ,9
DataCamp Team,2020-09-25,Pandas Drop Duplicates, ,9
DataCamp Team,2020-09-25,Pandas Sort Values, ,6
DataCamp Team,2020-09-25,Graphics with ggplot2, ,6
DataCamp Team,2020-09-18,Pandas Add Column, ,7
DataCamp Team,2020-09-18,Python String Contains, ,7
DataCamp Team,2020-09-17,Pandas Apply, ,5
DataCamp Team,2020-09-17,Pandas Apply, ,5
DataCamp Team,2020-09-03,Python Select Columns, ,13
Olivia Smith,2020-08-30,The 10 Most Important Packages in R for Data Science,Learn about different packages in R used for data science. Including how to load them and different resources you can use to advance your skills with them.,12
Avinash Navlani,2020-08-30,Recommendation System for Streaming Platforms,"In this Python tutorial, explore movie data of popular streaming platforms and build a recommendation system.",16
Avinash Navlani,2020-08-30,Building a Chatbot using Chatterbot in Python,"In this tutorial, you'll learn how to build a chatbot using chatterbot in Python.",15
Olivia Smith,2020-08-29,Sorting in R using order(),"In this tutorial, you'll learn about sorting using order(). We will cover how to sort vectors using different parameters, sorting dataframes, and more.",8
Olivia Smith,2020-08-29,Installation of Pyspark (All operating systems),"This tutorial will demonstrate the installation of Pyspark and hot to manage the environment variables in Windows, Linux, and Mac Operating System.",9
DataCamp Team,2020-08-18,Python lambda, ,20
DataCamp Team,2020-08-18,Python Install Pip, ,9
DataCamp Team,2020-08-18,How To Drop  Columns in Pandas, ,12
DataCamp Team,2020-08-18,Random Number Generator Using Numpy, ,15
DataCamp Team,2020-08-18,Renaming Columns in a Pandas DataFrame, ,9
DataCamp Team,2020-08-05,Python Datetime Tutorial, ,16
DataCamp Team,2020-07-22,Python Arrays, ,13
DataCamp Team,2020-07-22,Sorting in Python, ,8
DataCamp Team,2020-06-30,GLM in R: Generalized Linear Model, ,17
DataCamp Team,2020-06-30,pandas to CSV, ,13
DataCamp Team,2020-06-30,Python Concatenate Strings, ,10
DataCamp Team,2020-06-30,Python List Functions, ,14
DataCamp Team,2020-06-26,for loop in Python, ,14
DataCamp Team,2020-06-26,Subsetting in R, ,12
DataCamp Team,2020-06-25,Python Lists, ,13
DataCamp Team,2020-06-25,Lowercase in Python, ,9
DataCamp Team,2020-06-25,Python Dictionaries, ,10
DataCamp Team,2020-06-25,if‚Ä¶elif‚Ä¶else in Python, ,9
DataCamp Team,2020-06-25,Python While Loops, ,12
DataCamp Team,2020-06-25,String Split in Python, ,12
DataCamp Team,2020-06-25,Tuples in Python, ,12
DataCamp Team,2020-06-25,Python String Replace, ,9
DataCamp Team,2020-06-24,Python .append() and .extend() Methods, ,10
Olivia Smith,2020-06-22,Objects and Classes in R,"Learn about Object-Oriented Programming(OOP) along with R's objects, different classes like S3 and S4, along with its construction, creating its generic function with examples and many more.",9
Aditya Sharma,2020-06-15,Python List Comprehension,"Learn how to effectively use list comprehension in Python to create lists, to replace (nested) for loops and the map(), filter() and reduce() functions, ...!",25
Sejal Jaiswal,2020-06-10,Python Regular Expression Tutorial,"Discover the power of regular expressions with this tutorial. You will work with the re library, deal with pattern matching, learn about greedy and non-greedy matching, and much more!",23
Olivia Smith,2020-06-08,IF ELSE Function  in R,"Learn in detail about the ifelse() function, including syntax, along with finding whether a number is odd or even, and finally, with an example to see whether a student passed or failed their exam.",8
Olivia Smith,2020-06-08,Factors in R,"Learn about the factor function in R, along with an example, and it's structure, order levels, renaming of the levels, and finally, with the ordering of categorical values.",10
Aditya Sharma,2020-06-08,Convolutional Neural Networks with TensorFlow,"In this tutorial, you'll learn how to construct and implement Convolutional Neural Networks (CNNs) in Python with the TensorFlow framework.",19
Aditya Sharma,2020-05-29,Beginner Tutorial: Recommender Systems in Python,"Build your recommendation engine with the help of Python, from basic models to content-based and collaborative filtering recommender systems.",38
Aditya Sharma,2020-05-25,Reading and Writing Files in Python,"Learn how to read and write data into flat files, such as CSV, JSON, text files, and binary files in Python using io and os modules.",11
Aditya Sharma,2020-05-22,Python Excel Tutorial: The Definitive Guide,"Learn how to read and import Excel files in Python, write data to these spreadsheets, and find the best packages to do this.",34
Sejal Jaiswal,2020-05-11,Scope of Variables in Python,Learn what variable scopes are all about and get familiar with the 'LEGB' rule. You will also deal with scenarios where you'll get to see the global and nonlocal keywords in action.,22
Olivia Smith,2020-05-11,Matrices in R,"Learn all about R's matrix, naming rows and columns, accessing elements also with computation like addition, subtraction, multiplication, and division.",15
Aditya Sharma,2020-05-08,Introduction to Python IDLE,"Learn what is Python IDLE (Integrated Development and Learning Environment)  is, how you can install it, and leverage its various features for writing your Python programs.",15
Olivia Smith,2020-05-05, Data Reshaping in R,"Learn about data reshaping in R, different functions like rbind(), cbind(), along with Melt(), Dcast(), and finally about the transpose function.",14
Olivia Smith,2020-05-05,Type Checking in Python,"Learn about type checking, different types of the type system in various languages along with duck typing, and type hinting.",16
Aditya Sharma,2020-05-01,Unit Testing in Python,"Learn what unit testing is, why its important, and how you can implement it with the help of Python.",17
Aditya Sharma,2020-05-01,Definitive Guide: Threading in Python,Learn the basic concepts of threading and how you can use it with the help of Python.,12
Sejal Jaiswal,2020-04-22,Altair in Python: Data Visualizations,Learn how to create data visualizations in Python using Altair and a Movies Dataset.,24
Aditya Sharma,2020-04-21,Web Scraping With Python: Beautiful Soup,Learn what web scraping is and how it can be achieved with the help of Python's beautiful soup library. Learn by using Amazon website data.,38
Ramnath Vaidyanathan,2020-04-17,Estimating COVID-19's ùëÖùë° in Real-Time (Replicating in R), ,27
Aditya Sharma,2020-04-10,Docstrings in Python,"Learn about the different types of docstrings and various docstring formats like Sphinx, Numpy and Pydoc.",42
Olivia Smith,2020-04-06,Arrays in R,"Learn about Arrays in R, including indexing with examples, along with the creation and addition of matrices and the apply() function.",12
Olivia Smith,2020-04-06,Strings in R,"Learn about R's Strings: its rules, concatenation, along with essential properties of the string, extracting and replacing a character string, and formatting a string.",13
Aditya Sharma,2020-04-03,How to Document Python Code,"Learn why there is a need for documenting code and best practices to do it. Further, learn to leverage the potential of the Pydoc module for documenting purposes.",17
Olivia Smith,2020-03-30,Definitive Guide: Variables in R,"In this tutorial, you'll learn all about R variables including how to define variables, remove variables, and much more.",13
Aditya Sharma,2020-03-28,Python Global Interpreter Lock,"Learn what Global Interpreter Lock is, how it works, and why you should use it.",14
Aditya Sharma,2020-03-20,Logging in Python,Learn about the fundamentals of Logging in Python.,19
Aditya Sharma,2020-03-13,Python Dictionaries: The Definitive Guide,Learn all about the Python Dictionary and its potential. You will also learn how to create word frequency using the Dictionary.,22
Francisco  Javier Carrera Arias,2020-03-11,"How to Install R on Windows, Mac OS X, and Ubuntu",This is a beginner guide that is designed to save yourself a headache and valuable time if you decide to install R yourself.,28
Lavanya Gupta,2020-03-10,Creating Tableau Visualizations Using Airbnb Dataset,Learn about different categories of variables in Tableau and how they can be leveraged to analyze data through insightful visualizations.,16
Aditya Sharma,2020-03-05,Python Range() Function,Learn about the Python Range() function and its capabilities with the help of examples.,11
Olivia Smith,2020-03-05,Virtual Environment in Python,"In this tutorial, you'll learn about the Virtual Environment and two different ways of creating it.",11
Aditya Sharma,2020-02-28,Python Print() Function,Learn how you can leverage the capability of a simple Python Print function in various ways with the help of examples.,19
Aditya Sharma,2020-02-21,Python Descriptors,"Learn what Python Descriptors are, when you should use them, and why you should use them. ",13
Aditya Sharma,2020-02-21,How to Install SQL Server,"In this tutorial, you will learn how to install SQL Server on a Windows operating system with a brief introduction to SQL in general.",15
Olivia Smith,2020-02-20,Reading and Editing PDF‚Äôs and Word Documents From Python,This tutorial will allow you to read PDF documents and merge multiple PDF files into one PDF file. It will also show how to read and write word documents from Python.,13
Aditya Sharma,2020-02-07,Utilities in R,"Learn about several useful functions for data structure manipulation, nested-lists, regular expressions, and working with times and dates in the R programming language.",12
Olivia Smith,2020-02-05,Django Web Development in Python,"Learn about the basics of web development using Django to build blog applications that have the (CRUD) Create, Read, Update, Delete functionality.",30
Aditya Sharma,2020-01-30,Conditionals and Control Flow in R,Learn about relational operators for comparing R objects and logical operators for combining boolean TRUE and FALSE values. You'll also construct conditional statements.,9
Aditya Sharma,2020-01-22,Data Types in R,"Learn about data types and their importance in a programming language. More specifically, learn how to use various data types like vector, matrices, lists, and dataframes in the R programming language.",16
DataCamp Team,2020-01-09,Choosing Python or R for Data Analysis? An Infographic,Wondering whether you should use Python or R for data analysis? You‚Äôve come to the right place. ,70
Avinash Navlani,2020-01-08,Time Series Analysis with Spreadsheets,"In this tutorial, you'll learn basic time-series concepts and basic methods for forecasting time series data using spreadsheets.",13
Sayak  Paul,2020-01-07,Simplifying Sentiment Analysis in Python,Learn the basics of sentiment analysis and how to build a simple sentiment classifier in Python.,51
Aditya Sharma,2020-01-06,How to Run Python Scripts,"Learn how you can execute a Python script from the command line, and also how you can provide command line arguments to your script.",24
Manish Pathak,2020-01-06,Handling Categorical Data in Python,Learn the common tricks to handle categorical data and preprocess it to build machine learning models!,169
Hafeezul Kareem Shaik,2020-01-03,Inner Classes in Python,"In this basic Python tutorial, you'll learn about why and when you should use inner classes.",15
Sayak  Paul,2020-01-02,Beginner's Guide to Feature Selection in Python,Learn about the basics of feature selection and how to implement and investigate various feature selection techniques in Python.,59
Karlijn Willems,2020-01-02,Python Functions Tutorial,"A tutorial on functions in Python that covers how to write functions, how to call them, and more!",113
Thushan Ganegedara,2020-01-01,Stock Market Predictions with LSTM in Python,Discover Long Short-Term Memory (LSTM) networks in Python and how you can use them to make stock market predictions!,149
Aditya Sharma,2020-01-01,Principal Component Analysis (PCA) in Python,Learn about PCA and how it can be leveraged to extract information from the data without any supervision using two popular datasets: Breast Cancer and CIFAR-10.,43
Sejal Jaiswal,2019-12-31,Markov Chains in Python: Beginner Tutorial,"Learn about Markov Chains, their properties, transition matrices, and implement one yourself in Python!",123
Manish Pathak,2019-12-30,Probability Distributions in Python,"In this tutorial, you'll learn about commonly used probability distributions in machine learning literature.",78
Avinash Navlani,2019-12-27,Support Vector Machines with Scikit-learn,"In this tutorial, you'll learn about Support Vector Machines, one of the most popular and widely used supervised machine learning algorithms.",60
Michael Galarnyk,2019-12-18,Installing Anaconda on Windows,"This tutorial will demonstrate how you can install Anaconda, a powerful package manager, on Microsoft Windows.",35
Daniel Sch√ºtte,2019-12-17,Survival Analysis in R For Beginners,"In this tutorial, you'll learn about the statistical concepts behind survival analysis and you'll implement a real-world application of these methods in R.",140
Avinash Navlani,2019-12-16,Understanding Logistic Regression in Python,"Learn about Logistic Regression, its basic properties, and build a machine learning model on a real-world application in Python.",91
Avinash Navlani,2019-12-13,Text Analytics for Beginners using NLTK,Learn How to analyze text using NLTK. Analyze people's sentiments and classify movie reviews.,82
Karlijn Willems,2019-12-12,Matplotlib Tutorial: Python Plotting,"This Matplotlib tutorial takes you through the basics Python data visualization: the anatomy of a plot, pyplot and pylab, and much more",122
Karlijn Willems,2019-12-11,Python Numpy Array Tutorial,"A NumPy tutorial for beginners in which you'll learn how to create a NumPy array, use broadcasting, access values, manipulate arrays, and much more. ",151
Karlijn Willems,2019-12-10,Keras Tutorial: Deep Learning in Python,"This Keras tutorial introduces you to deep learning in Python: learn to preprocess your data, model, evaluate and optimize neural networks. ",310
Aditya Sharma,2019-12-10,Introduction to GUI With Tkinter in Python,"In this tutorial, you are going to learn how to create GUI apps in Python. You'll also learn about all the elements needed to develop GUI apps in Python.",74
Avinash Navlani,2019-12-09,Neural Network Models in R,"In this tutorial, you will learn how to create a Neural Network model in R.",53
Isaiah Hull,2019-12-09,Using TensorFlow 2.0 to Compose Music,"In this tutorial, you will learn how to train generative models to compose music in TensorFlow 2.0.",33
Hafeezul Kareem Shaik,2019-12-09,Getting Started with MySQL in Python,"In this tutorial, you'll learn how to install MySQL, create databases, and create tables, along with much more.",33
Olivia Smith,2019-12-06,Basics of Functions and Methods in Scala,"Learn about the basics of methods, named arguments, default parameter values, variable arguments in addition to different kinds of functions.",9
Avinash Navlani,2019-12-06,Markov Analysis in Spreadsheets,"Learn Markov Analysis, their terminologies, examples, and perform it in Spreadsheets!",7
Aditya Sharma,2019-11-22,Exception and Error Handling in Python,"Error handling increases the robustness of your code, which guards against potential failures that would cause your program to exit in an uncontrolled fashion.",35
Karlijn Willems,2019-11-14,Python For Finance: Algorithmic Trading,"This Python for Finance tutorial introduces you to algorithmic trading, and much more.",744
Michael Galarnyk,2019-11-13,Python Sets and Set Theory,"Learn about Python sets: what they are, how to create them, when to use them, built-in functions, and their relationship to set theory operations.",45
Micha≈Ç Oleszak,2019-11-12,"Regularization: Ridge, Lasso and Elastic Net","In this tutorial, you will get acquainted with the bias-variance
trade-off problem in linear regression and how it can be solved with
regularization.",100
Karlijn Willems,2019-11-12,Jupyter Notebook Tutorial: The Definitive Guide,"This tutorial explains how to install, run, and use Jupyter Notebooks for data science, including tips, best practices, and examples.",438
Duong Vu,2019-11-08,Generating WordClouds in Python,Learn how to perform Exploratory Data Analysis for Natural Language Processing using WordCloud in Python.,117
Manish Pathak,2019-11-08,Using XGBoost in Python,XGBoost is one of the most popular machine learning algorithm these days. Regardless of the type of prediction task at hand; regression or classification.,123
Sejal Jaiswal,2019-11-07,The Pip Python Package Manager,"Learn about Pip, a powerful tool that helps you properly manage distribution packages in Python.",25
Sejal Jaiswal,2019-11-07,Python Data Type Conversion Tutorial,"In this Python tutorial, you'll tackle implicit and explicit data type conversion of primitive and non-primitive data structures with the help of code examples!",53
Aditya Sharma,2019-11-05,Scala Traits,Learn about the use of traits in Scala with the help of syntactic examples.,9
Avinash Navlani,2019-11-05,Chi-square Test in Spreadsheets,"In this tutorial, you'll learn how to perform the chi-square test in spreadsheets.",9
Aditya Sharma,2019-10-22,Scala Classes and Objects,"In this tutorial, you will learn about the fundamental notions of object-oriented programming in Scala: Classes and Objects.",10
Olivia Smith,2019-10-22,Variables in Scala,"Learn about Scala's variables, rules for defining variables, different types of variables with multiple declaration and assignments along with the scope of a variable.",6
Aditya Sharma,2019-10-04,Lists in Scala,Learn what lists are and how they can be leveraged in the Scala Programming Language.,11
Francisco  Javier Carrera Arias,2019-10-03,Building Data Pipelines using R,Learn how to transform and load (ETL)  a data pipeline from scratch using R and SQLite to gather tweets in real-time and store them for future analyses.,19
Aditya Sharma,2019-09-20,Operators in Scala,Learn about the different operators used in the Scala programming language.,13
Olivia Smith,2019-09-19,Performing an HTTP Request in Python,Learn about the basics of HTTP and also about the request library in Python to make different types of requests.,22
Sayak  Paul,2019-08-19,TensorFlow 2.0 Case Study,Build a machine learning model for predicting the publisher‚Äôs name from an article using various Google Cloud technologies.,11
Aditya Sharma,2019-08-19,IF ELSE in Scala,"In this tutorial, you'll learn about conditional IF ELSE statements in the Scala programming language.",14
Aditya Sharma,2019-08-06,Beginner‚Äôs Guide to Scala,"Learn the basics in Scala including syntax, how to set up an environment, and various common data types.",18
Olivia Smith,2019-08-05,Markdown in Jupyter Notebook,"In this tutorial, you'll learn how to use and write with different markup tags using Jupyter Notebook.",38
Parul Pandey,2019-07-23,SQL Interface within JupyterLab,Learn how to use and modify SQL tables within JupyterLabs.,42
Olivia Smith,2019-07-23,GIT Push and Pull,Learn how to perform Git PUSH and PULL requests through GitHub Desktop and the Command-Line.,21
Aditya Sharma,2019-07-19,For Loops in Python,"Learn how to implement For Loops in Python for iterating a sequence, or the rows and columns of a pandas dataframe. ",37
Olivia Smith,2019-07-15,User Defined Stored Procedures in SQL,Learn how to use and apply the user-defined stored procedure along with examining different types of stored procedures in SQL.,10
Avinash Navlani,2019-07-15,Linear Programming with Spreadsheets,Learn how to use spreadsheets to solve linear programming problems graphically.,20
Francisco  Javier Carrera Arias,2019-07-08,Conditional Functions in Spreadsheets,Learn when and how to use conditional functions in spreadsheets.,7
Aditya Sharma,2019-07-01,Top Python IDEs for 2019,"Curious about which Python environment is best suited for you? In this tutorial, you'll be given an overview of the top Python IDEs used for data science.",39
Hafeezul Kareem Shaik,2019-07-01,f-string Formatting in Python,"Learn about the f-string formatting technique in Python 3.6. In this tutorial, you'll see what advantages it offers and go through some example use cases.",22
Parul Pandey,2019-06-28,Cluster Analysis in Tableau,Learn how to easily cluster your data in Tableau with its built-in clustering tool.,20
Parul Pandey,2019-06-24,Quadrant Analysis in Tableau,Learn how to analyze data in the form of a dynamic quadrant chart in Tableau.,18
Aditya Sharma,2019-06-24,Moving Averages in pandas,Learn how you can capture trends and make sense out of time series data with the help of a moving or rolling average.,33
Sayak  Paul,2019-06-21,Implementing Neural Style Transfer Using TensorFlow 2.0,"In this tutorial, you'll learn how to implement power applications like Prisma using TensorFlow 2.0.",12
Avinash Navlani,2019-06-17,Demystifying Mathematical Concepts for Deep Learning,"Explore basic math concepts for data science and deep learning such as scalar and vector, determinant, singular value decomposition, and more.",25
Aditya Sharma,2019-06-17,Histograms in Matplotlib,Learn about histograms and how you can use them to gain insights from data with the help of matplotlib.,17
Francisco  Javier Carrera Arias,2019-06-10,Data Wrangling with INDEX-MATCH in Spreadsheets,"In this tutorial, you will get an overview of how to use the INDEX-MATCH function in spreadsheets.",14
Hafeezul Kareem Shaik,2019-06-06,Usage of Asterisks in Python,"Many Python users are familiar with using asterisks for multiplication and power operators, but in this tutorial, you'll find out additional ways on how to apply the asterisk.",16
Aditya Sharma,2019-05-31,Importing Data into Pandas,"To be an adept data scientist, one must know how to deal with many different kinds of data. Learn to read various formats of data like JSON and HTML using pandas.",20
Sayak  Paul,2019-05-29,Ten Important Updates from TensorFlow 2.0,"Go through the ten most important updates introduced in the newly released TensorFlow 2.0, and learn how to implement some of them. ",12
Avinash Navlani,2019-05-27,Inventory Model Simulation with Spreadsheets,Learn how to use spreadsheets to calculate an inventory demand model that helps determine how much inventory a business should hold moving forward.,11
Sejal Jaiswal,2019-05-20,Data Preparation with pandas,"In this tutorial, you will learn why it is important to pre-process data and how to do it in pandas.",42
Sayak  Paul,2019-05-16,Argument Parsing in Python,"In this tutorial, learn how to parse one or more arguments from the command-line or terminal using the getopt, sys, and argparse modules.",17
Aditya Sharma,2019-05-10,"How to Add, Subtract, Divide and Multiply in Spreadsheets","Learn how to apply operations like add, subtract, divide, multiply, and a lot more in Google Spreadsheets with the help of an actual dataset.",9
Aditya Sharma,2019-05-07,Conditional Formatting in Spreadsheets,Learn how to utilize conditional formatting with one or multiple conditions and how to color cells by custom criteria with the help of a dataset.,7
Sayak  Paul,2019-05-02,Materialized Views in PostgreSQL,Learn how to store the results of a query with the help of materialized views in PostgreSQL. ,13
Parul Pandey,2019-05-01,Leveraging the best of both Python and R,Learn how to use Python and R in conjunction with each other to utilize the best of both in a single data science project.,41
Aditya Sharma,2019-04-26,Graphs in Spreadsheets,"In this tutorial, you'll learn how to create visualizations to display data and gain more meaningful insights with spreadsheets.",21
Sayak  Paul,2019-04-24,Cleaning Data in SQL,"In this tutorial, you'll learn techniques on how to clean messy data in SQL, a must-have skill for any data scientist. ",21
Francisco  Javier Carrera Arias,2019-04-19,SQLite in R,"In this tutorial, you will learn about using SQLite, an extremely light-weight relational database management system (RDBMS) in R.",15
Parul Pandey,2019-04-18,Data Visualization with Power BI,"Learn how to analyze and display data using Power BI and make better, more data-driven decisions.",62
Sayak  Paul,2019-04-17,Aggregate Functions in SQL,Learn how to use aggregate functions for summarizing results and gaining useful insights about data in SQL. ,8
Avinash Navlani,2019-04-12,Introduction to Factor Analysis in Python,"In this tutorial, you'll learn the basics of factor analysis and how to implement it in python.",32
Aditya Sharma,2019-04-08,Pivot Tables in Spreadsheets,"Learn how to organize rows and columns, add values, find the sum of revenue, and finally apply filtering to select a subset of data from a given dataset.",17
Ryan Sheehy,2019-04-08,Video: Answering Real-World Questions with SQL Queries,"In this video tutorial, you'll break down real-world questions to construct complex queries using CASE statements, subqueries, and common table expressions.",10
Sayak  Paul,2019-04-03,CASE Statements in PostgreSQL,"In this tutorial, you'll learn how to write conditional queries in PostgreSQL using the PostgreSQL CASE conditional expression. ",9
Sayak  Paul,2019-03-29,10 Command-line Utilities in PostgreSQL,"In this tutorial, learn about 10 handy command-line utilities in PostgreSQL which can enable you to interact with databases efficiently.",11
Parul Pandey,2019-03-28,SQL with PowerBI,"In this tutorial, you'll learn how to connect PowerBI to a Microsoft SQL Server database and then analyze the data to get insights.",33
Karlijn Willems,2019-03-27,How to Make a Histogram with ggvis in R,Learn how to make a histogram with ggvis. Go from the very basics to creating interactive graphs with shiny to display distributions.,37
Adolfo √Ålvarez,2019-03-25,R Packages: A Beginner's Guide ,An introduction to R packages based on 11 of the most frequently asked user questions. ,71
Francisco  Javier Carrera Arias,2019-03-22,Beginners Guide to SQLite,Learn the basics of SQLite databases from SQLite dot commands to an example of their practical applications using the command line interface.,16
Karlijn Willems,2019-03-21,18 Most Common Python List Questions,"Discover how to create a list in Python, select list elements, the difference between append() and extend(), why to use NumPy and much more.",92
Sayak  Paul,2019-03-20,Introduction to SQL Joins,"In this tutorial, you'll learn about the mechanics of joins in SQL and its different types.",21
Karlijn Willems,2019-03-18,Importing Data Into R - Part Two,"A tutorial on importing data into R. The focus is on reading data from sources like statistical software, databases, webscraping, and more.",22
Sayak  Paul,2019-03-15,Introduction to the Where Clause in SQL,"In this tutorial, you will be introduced to filtering rows in SQL using the where clause.",9
Francisco  Javier Carrera Arias,2019-03-13,Data Wrangling with VLOOKUP in Spreadsheets,"In this tutorial, you will get an overview of how to use the VLOOKUP function and also a basic explanation of INDEX-MATCH.",15
Sayak  Paul,2019-03-12,SQLite in Python,"In this tutorial, you will learn about using SQLite, an extremely light-weight Relational database management system (RDBMS) in Python.",30
Karlijn Willems,2019-03-11,How to Make a Histogram with ggplot2,Learn how to make a histogram with ggplot2 in R. Make histograms in R based on the grammar of graphics.,25
Karlijn Willems,2019-03-08,How to Make a Histogram with Basic R,Tutorial for new R users whom need an accessible and easy-to-understand resource on how to create their own histogram with basic R.,24
Ryan Sheehy,2019-03-07,Video: Intro to Python for Spreadsheet Users,"In this video tutorial, you'll watch the end-to-end automation of a routine spreadsheet task being completed using Python.",44
Ryan Sheehy,2019-03-06,Video: Tidyverse Exploratory Analysis,"In this video tutorial, you'll be given a brief introduction to the concept of the tidyverse and then walk through an exploratory analysis.",17
Parul Pandey,2019-03-05,SQL with Tableau,"In this tutorial, you will learn how to connect Tableau to a Microsoft SQL Server database and then analyze the data to get insights.",22
Sayak  Paul,2019-03-04,Introduction to the ALTER TABLE Statement in SQL,"In this tutorial, you will learn how to use and apply the ALTER TABLE statement in SQL.",14
Avinash Navlani,2019-03-01,Views (Virtual Tables) in SQL,"In this tutorial, you will learn what views are, the different types available, and the pros and cons of using them.",19
Adam Spannbauer,2019-02-28,Intro to Multiple Inheritance & super(),"A Pythonista's introductory guide to multiple inheritance, the super() function, & how to navigate the diamond problem.",30
Sayak  Paul,2019-02-27,Using ORDER BY Keyword in SQL,"In this tutorial, you will learn how to use and apply the ORDER BY keyword in SQL.",12
Karlijn Willems,2019-02-25,Python Machine Learning: Scikit-Learn Tutorial,An easy-to-follow scikit-learn tutorial that will help you get started with Python machine learning. ,182
Sayak  Paul,2019-02-22,Installing PostgreSQL on Windows and Mac OS X,"In this tutorial, you will learn how to install PostgreSQL on two different operating systems - Windows and Mac. ",13
Parul Pandey,2019-02-21,Spreadsheets with Tableau,"In this tutorial, you will learn how to analyze and display spreadsheet data using Tableau and make more data-driven decisions.",27
Sayak  Paul,2019-02-15,Working with Spreadsheets in SQL,"In this tutorial, learn how to import a spreadsheet into PostgreSQL and perform analysis on it. ",14
Ryan Sheehy,2019-02-14,Getting Started with Spreadsheets,This tutorial will give you a basic understanding of the terminology in spreadsheets along with learning how to create a basic table.,8
Karlijn Willems,2019-02-12,keras: Deep Learning in R,"In this tutorial to deep learning in R with RStudio's keras package, you'll learn how to build a Multi-Layer Perceptron (MLP).",98
Sayak  Paul,2019-02-07,Managing Databases in PostgreSQL,"In this tutorial, you will learn how to create, drop and select a database in SQL.",15
Francisco  Javier Carrera Arias,2019-02-06,Fuzzy String Matching in Python,"In this tutorial, you will learn how to approximately match strings and determine how similar they are by going over various examples.",115
Sayak  Paul,2019-02-05,Beginner's Guide to PostgreSQL,"In this tutorial, you will learn how to write simple SQL queries in PostgreSQL. ",29
Carlo Fanara,2019-02-01,A Tutorial on Using Functions in R!,"The tutorial highlights what R functions are, user defined functions in R, scoping in R, making your own functions in R, and much more.",41
Sejal Jaiswal,2019-01-31,Python time.sleep() Function,"In this tutorial, you will learn how the time.sleep() function operates and how to apply it in your program.",14
Avinash Navlani,2019-01-30,GROUP BY and HAVING Clause in SQL ,"In this tutorial, you will learn about the GROUP BY and HAVING Clause along with going over examples on how to put them to use.",38
Karlijn Willems,2019-01-29,15 Questions All R Users Have About Plots,"There are different types of R plots, ranging from the basic graph types to complex types of graphs. Here we discover how to create these.",25
Michael Ritchie,2019-01-28,Reducing Rework as a SQL Data Analyst,"In this tutorial, you will learn how to maximize your time in SQL to become more productive.",26
Karlijn Willems,2019-01-17,SQL Tutorial: How To Write Better Queries,"Learn about anti-patterns, execution plans, time complexity, query tuning, and optimization in SQL.",159
Karlijn Willems,2019-01-16,TensorFlow Tutorial For Beginners,"Learn how to build a neural network and how to train, evaluate and optimize it with TensorFlow",368
Carlo Fanara,2019-01-15,Tutorial on the R Apply Family,"In this tutorial, you'll learn about the use of the apply functions in R, its variants, and a few of its relatives applied to different data structures.",124
Karlijn Willems,2019-01-14,Pandas Tutorial: DataFrames in Python,"Explore data analysis with Python. Pandas DataFrames make manipulating your data easy, from selecting or replacing columns and indices to reshaping your data.",312
Hafsa Jabeen,2019-01-11,Making Web Crawlers Using Scrapy for Python,"Develop web crawlers with Scrapy, a powerful framework for extracting, processing, and storing web data.",60
Debbie Liske,2019-01-09,Lyric Analysis: Predictive Analytics using Machine Learning with R,"In this tutorial, you'll learn how to use predictive analytics to classify song genres.",41
Nishant Singh,2019-01-04,Hypothesis Testing in Machine Learning,"In this tutorial, you'll learn about the basics of Hypothesis Testing and its relevance in Machine Learning.",15
Avinash Navlani,2018-12-28,Decision Tree Classification in Python,"In this tutorial, learn Decision Tree Classification, attribute selection measures, and how to build and optimize Decision Tree Classifier using Python Scikit-learn package.",89
Sayak  Paul,2018-12-26,Beginner's Guide to Google's Vision API in Python,"Learn what Vision API is and what are all the things that it offers. By the end of this tutorial, you will also learn how you can call Vision API from your Python code.",18
Paulo Henrique Vasconcellos,2018-12-21,Top 5 Python IDEs For Data Science,The best Python IDEs for data science that make data analysis and machine learning easier!,143
Nishant Singh,2018-12-21,Overview of Encoding Methodologies,"In this tutorial, you will get a glimpse of encoding techniques along with
some advanced references that will help you tackle categorical variables.",10
Nishant Singh,2018-12-21,Overview of Encoding Methodologies,"In this tutorial, you will get a glimpse of encoding techniques along with
some advanced references that will help you tackle categorical variables.",10
Avinash Navlani,2018-12-20,Customer Lifetime Value,"In this tutorial, learn how to calculate Customer Lifetime Value in Python.",30
Parul Pandey,2018-12-20,Face Detection with Python using OpenCV,This tutorial will introduce you to the concept of object detection in Python using OpenCV library and how you can utilize it to perform tasks like Facial detection.,30
Sayak  Paul,2018-12-19,Understanding Recursive Functions in Python,"In this tutorial, learn about the different aspects of recursive functions and implement a recursive function in Python from scratch. ",20
Sayak  Paul,2018-12-18,Introduction to Indexing in SQL,"In this tutorial, learn about indexing in databases and different types of indexing techniques. ",33
Hafeezul Kareem Shaik,2018-12-18,Property vs. Getters and Setters in Python ,"In this tutorial, you will learn what the difference is between Python Property and Getters & Setters. ",15
≈Åukasz Dery≈Ço,2018-12-13,Contingency Tables in R,"In this tutorial, you'll learn how to create contingency tables and how to test and quantify relationships visible in them.",19
Olivia Smith,2018-12-12,GIT SETUP: The Definitive Guide,"In this tutorial, you'll learn how to set up Git on your computer in different operating systems.",29
Aditya Sharma,2018-12-12,Introduction to Deep Learning in Python,Learn the basics of deep learning and neural networks along with some fundamental concepts and terminologies used in deep learning.,31
Patrick David,2018-12-11,"Stocks, Significance Testing & p-Hacking","Learn how to manipulate time series data with pandas and conduct significance testing through simulation using Python, to analyze stock market volatility.",19
Nishant Singh,2018-12-11,Introduction to H2O AutoML,"In this tutorial, you will learn about H2O and have a glimpse of its autoML functionality.",15
Derrick Mwiti,2018-12-10,Introduction to Python Metaclasses,"In this tutorial, learn what metaclasses are, how to implement them in Python, and how to create custom ones.",20
Kyle O'Shea,2018-12-05,Shareable Data Science with Kyso,"In this tutorial, you‚Äôll learn how to create publishable and reproducible data science studies on Kyso‚Äôs platform, using interactive plotly visualizations. ",18
Avinash Navlani,2018-12-04,Naive Bayes Classification using Scikit-learn,Learn how to build and evaluate a Naive Bayes Classifier using Python's Scikit-learn package.,54
Anubhav Singh,2018-11-30,Introduction to Reinforcement Learning,"In this tutorial, you'll learn the basic concepts and terminologies of reinforcement learning. At the end of the tutorial, we'll discuss the epsilon-greedy algorithm for applying reinforcement learning based solutions.",40
Hafeezul Kareem Shaik,2018-11-29,Working With Zip Files In Python,"In this tutorial, you are going to learn how to work with Zip Files in Python using the zipfile module. zipfile is a Python built-in module.",10
Sayak  Paul,2018-11-28,Automated Machine Learning with Auto-Keras,Learn about automated machine learning and how it can be done with auto-keras.,16
Aditya Sharma,2018-11-27,Introduction to Machine Learning in Python,"In this tutorial, you will be introduced to the world of Machine Learning (ML) with Python. To understand ML practically, you will be using a well-known machine learning algorithm called K-Nearest Neighbor (KNN) with Python.",43
Nishant Singh,2018-11-26,Comparison of BI and Analytics Platforms,"In this tutorial, you will learn about different factors that are taken
into consideration before choosing your Analytics Platform both at the
organization and individual level.",9
Sejal Jaiswal,2018-11-21,Overview of Atom IDE,"In this tutorial, you'll learn the importance of IDEs, how to set-up Atom, and download packages.",12
Karlijn Willems,2018-11-20,Machine Learning in R for beginners,This small tutorial is meant to introduce you to the basics of machine learning in R: it will show you how to use R to work with KNN.,130
Carlo Fanara,2018-11-20,A Tutorial on Loops in R - Usage and Alternatives,A tutorial on loops in R that looks at the constructs available in R for looping. Discover alternatives using R's vectorization feature.,69
Karlijn Willems,2018-11-20,This R Data Import Tutorial Is Everything You Need,Comprehensive and easy R Data Import tutorial covering everything from importing simple text files to the more advanced SPSS and SAS files.,53
Avinash Navlani,2018-11-20,AdaBoost Classifier in Python,"Understand the ensemble approach, working of the AdaBoost algorithm and learn AdaBoost model building in Python.",24
Aditya Sharma,2018-11-15,Differences Between Machine Learning & Deep Learning,"In this tutorial, you'll get an overview of Artificial Intelligence (AI) and take a closer look in what makes Machine Learning (ML) and Deep Learning different.",70
Asael Alonzo Matamoros,2018-11-09,Introduction to Monte Carlo Methods,"In this tutorial, the reader will learn the Monte Carlo methodology and its applications in data science, like integral approximation, and parameter estimation.",58
Derrick Mwiti,2018-11-02,JSON Data in Python,"In this tutorial, you'll learn how to use JSON in Python.",30
Sayak  Paul,2018-10-31,Essentials of Linear Regression in Python,Learn what formulates a regression problem and how a linear regression algorithm works in Python.,44
Derrick Mwiti,2018-10-30,Introduction to MongoDB and Python,"In this tutorial, you'll learn how to integrate MongoDB with your Python applications.",26
Tom Jeon,2018-10-29,Merging Datasets in R,"In this tutorial, you'll learn to join multiple datasets in R.",15
Hafeezul Kareem Shaik,2018-10-26,Role of Underscore(_) in Python,"In this tutorial, you're going to learn about the uses of underscore(_) in python. ",52
Sayak  Paul,2018-10-25,Turning Machine Learning Models into APIs in Python,Learn to how to create a simple API from a machine learning model in Python using Flask.,115
Duong Vu,2018-10-24,Introduction to Geospatial Data in Python,"In this tutorial, you will use geospatial data to plot the path of Hurricane Florence from August 30th to September 18th. ",67
Hafsa Jabeen,2018-10-23,Stemming and Lemmatization in Python,This tutorial covers the introduction to Stemming & Lemmatization used in Text and Natural Language Processing.,61
Ryan Sheehy,2018-10-18,Autocorrelation in R,Practice autocorrelation in R by using course material from DataCamp's Introduction to Time Series Analysis course.,13
Ryan Sheehy,2018-10-18,Basic Programming Skills in R,Practice basic programming skills in R by using course material from DataCamp's free Model a Quantitative Trading Strategy in R course.,8
Salin Kc,2018-10-18,Time Series Analysis using R,Learn Time Series Analysis with R along with using a package in R for forecasting to fit the real-time series to match the optimal model.,32
Derrick Mwiti,2018-10-16,Decorators in Python,"In this tutorial, learn how to implement decorators in Python.",64
Hillary Green-Lerman,2018-10-16,Hacking Date Functions in SQLite,"In this tutorial, learn how to use date functions in SQLite.",6
Ryan Sheehy,2018-10-15,Ordering and Subsetting Factors,This tutorial takes course material from DataCamp's Introduction to R for Finance course and allows you to practice ordering and subsetting factors.,5
Ryan Sheehy,2018-10-15,Introduction to Data frames in R,This tutorial takes course material from DataCamp's Introduction to R course and allows you to practice data frames. ,6
Sayak  Paul,2018-10-15,Introduction to Cyclical Learning Rates,Learn what cyclical learning rate policy is and how it can improve the training of a neural network.,16
Hillary Green-Lerman,2018-10-15,Supercharge Your Subqueries,"In this tutorial, you'll learn how to create subqueries in SQL to better analyze and report data.",10
Ryan Sheehy,2018-10-15,Understanding Confusion Matrix in R,This tutorial takes course material from DataCamp's Machine Learning Toolbox course and allows you to practice confusion matrices in R.,8
Ryan Sheehy,2018-10-15,Data Frames in R,This tutorial takes course material from DataCamp's Introduction to R for Finance course and allows you to practice Data Frames.,5
,2018-10-12,Facets for ggplot in R,"In this tutorial, you'll learn how to make the most of ggplots facetting functions.",13
Rohit Peesa,2018-10-11,Machine Learning Black Friday Dataset,"In this tutorial, you will gain knowledge on filling null values, preprocessing data, reducing dimensionality using PCA, and split data using K-Fold.",26
Samip Katwal,2018-10-10,Using PostgreSQL in Python,"In this tutorial, you will be learning about the database in Python, with a few examples in PostgreSQL Database.",24
Avinash Navlani,2018-10-09,Latent Semantic Analysis using Python,"In this tutorial, you will learn how to discover the hidden topics from given documents using Latent Semantic Analysis in python.",35
≈Åukasz Dery≈Ço,2018-10-09,Bootstrap in R,"In this tutorial, you will learn how to use the boot package to obtain different types of bootstrapped confidence intervals. ",17
Tom Jeon,2018-10-08,Subsetting Datasets in R,Subsetting datasets is a crucial skill for any data professional. Learn and practice subsetting data in this quick interactive tutorial!,10
Vedabrata Basu,2018-10-05,Contingency Analysis using R,"In this tutorial, you'll learn with the help of an example how ""Contingency Analysis"" or ""Chi-square test of independence"" works and also how efficiently we can perform it using R.",40
Sayak  Paul,2018-10-04,Diving Deep with Imbalanced Data,Learn the techniques to deal with an imbalanced dataset.,20
Amita Kapoor,2018-10-02,Social Network Analysis in Python,Networks today are part of our everyday life. Let's learn how to visualize and understand a social network in Python using Networks.,61
Ryan Sheehy,2018-09-28,Using Regular Expressions to Clean Strings,This tutorial takes course material from DataCamp's Cleaning Data in Python course and allows you to clean strings using regular expressions.,6
Sayak  Paul,2018-09-27,Demystifying Crucial Statistics in Python,Learn about the basic statistics required for Data Science and Machine Learning in Python.,50
Ryan Sheehy,2018-09-27,Factor Levels in R,This tutorial takes course material from DataCamp's free Intro to R course and allows you to practice Factors.,16
Ryan Sheehy,2018-09-27,Creating a List in R,Practice Lists in R by using course material from DataCamp's Intro to R course.,8
Avinash Navlani,2018-09-26,Introduction to Customer Segmentation in Python,"In this tutorial, you're going to learn how to implement customer segmentation using RFM(Recency, Frequency, Monetary) analysis from scratch in Python.  ",44
Ryan Sheehy,2018-09-26,For Loops in R,Practice For Loops in R by using course material from DataCamp's Intermediate R for Finance course.,13
Parul Pandey,2018-09-24,Data Visualisation with Tableau,"In this tutorial, you will learn how to analyze and display data using Tableau and make better, more data-driven decisions. ",77
Nishant Singh,2018-09-21,Debug With debugr,"In this tutorial, you will learn about debugging in R and Rstudio using the debugr package.",6
Manish Pathak,2018-09-21,TPOT in Python,"In this tutorial, you will learn how to use a very unique library in python, tpot . The reason why this library is unique is that it automates the entire Machine Learning pipeline and provides you with the best performing machine learning model.",51
Manish Pathak,2018-09-19,Joining DataFrames in Pandas,"In this tutorial, you‚Äôll learn various ways in which multiple DataFrames could be merged in python using Pandas library.",66
Sheraz Salahuddin,2018-09-17,Using Python BeautifulSoup to scrape DataCamp Tutorials & Analyze,"In this tutorial, we are going to scrape the tutorials section of the DataCamp website and try to get some insights.",53
Manish Pathak,2018-09-13,Introduction to t-SNE,"In this tutorial, you‚Äôll learn about the recently discovered Dimensionality Reduction technique known as t-Distributed Stochastic Neighbor Embedding (t-SNE).",75
Sayak  Paul,2018-09-12,Investigating Tensors with PyTorch,"In this tutorial, you'll learn about Tensors, PyTorch, and how to create a simple neural network with PyTorch.",26
Sejal Jaiswal,2018-09-12,Lists: N-Sized Chunks,"In this tutorial, you shall work with lists and learn an efficient way to divide arbitrarily sized lists into chunks of a given size.",6
Hafsa Jabeen,2018-09-11,SQL: Reporting and Analysis,"Master SQL for Data Reporting & daily data analysis by learning how to select, filter & sort data, customize output, & how you can report aggregated data from a database!",43
Ahmed Gad,2018-09-11,Deduce the Number of Layers and Neurons for ANN,There is an optimal number of hidden layers and neurons for an artificial neural network (ANN). This tutorial discusses a simple approach for determining the optimal numbers for layers and neurons for ANN's.,20
Sayak  Paul,2018-09-06,Ensemble Learning in Python,"In this tutorial, you'll learn what ensemble is and how it improves the performance of a machine learning model.",34
Micha≈Ç Oleszak,2018-09-05,Visualize Missing Data with VIM Package,Learn to use data visualization tools provided by the VIM package to gain quick insights into the missing data patterns.,17
Hadrien Jean,2018-09-04,Machine Learning Basics - The Norms,Learn linear algebra through code and visualization.,21
,2018-08-31,Tidyverse Soccer Score Analysis,"In this tutorial, we'll use tidyr, dplyr, and ggplot2 to visualize a season of soccer scores, and investigate trends in the time of goals scored and conceded.",10
Francisco  Javier Carrera Arias,2018-08-30,Markov Chain Analysis in R,"In this tutorial, you'll learn what Markov chain is and use it to analyze sales velocity data in R.",24
Sayak  Paul,2018-08-29,Towards Preventing Overfitting: Regularization,Learn the basics of Regularization and how it helps to prevent Overfitting. ,30
Elliot Hershberg,2018-08-28,Tidy Analysis of Pew Research Data Using R,"Learn how to access data from the Pew Research Center, load it into R & then how to explore the data using the Tidyverse ecosystem.",11
J. Andr√©s Pizarro,2018-08-28,Python Setup: The Definitive Guide,"In this tutorial, you'll learn how to set up your computer for Python development, and explain the basics for having the best application lifecycle.",41
Nishant Singh,2018-08-27,Detect Anomalies with Anomalize in R,Learn how to detect anomalies in large time series data sets and present insights in a much simpler way.,7
Th√©o Vanderheyden,2018-08-24,Operators in Python,"This tutorial covers the different types of operators in Python, operator overloading, precedence and associativity.",13
Minoo Ashtiani,2018-08-23,Introduction to Bioconductor,Learn how to perform computational and statistical analysis on the results of your biological experiment.,17
James Le,2018-08-22,Support Vector Machines in R,"In this tutorial, you'll try to gain a high-level understanding of how SVMs work and then implement them using R.",26
Hafsa Jabeen,2018-08-21,Market Basket Analysis using R,Learn about Market Basket Analysis & the APRIORI Algorithm that works behind it. You'll see how it is helping retailers boost business by predicting what items customers buy together.,65
Saneep Khatri,2018-08-21,Analyzing Complexity of Code through Python,"Get introduced to Asymptotic Analysis. Learn more about the complexity of the algorithm as well as asymptotic notation, such as Big O, Big Œ∏, and Big Œ© notation. Along with the examples of complexity in a different algorithm.",14
Nishant Singh,2018-08-20,Data Visualization with Highcharter in R,Learn how to use Highcharter to create a visualization that creates a buzz.,22
Kyle Weller,2018-08-17,Remote Python and R in SQL,Learn how to remotely send R and Python execution to a SQL Server from Jupyter Notebooks.,8
Derrick Mwiti,2018-08-16,Dash for Beginners,Learn how to build dashboards in Python using Dash.,62
Sayak  Paul,2018-08-15,Hyperparameter Optimization in Machine Learning Models,This tutorial covers what a parameter and a hyperparameter are in a machine learning model along with why it is vital in order to enhance your model‚Äôs performance.,43
Avinash Navlani,2018-08-14,Predicting Employee Churn in Python,"Analyze employee churn. Find out why employees are leaving the company, and learn to predict who will leave the company.",54
Rohit Peesa,2018-08-13,Datasets from Images,"This tutorial will demonstrate how you can make datasets in CSV format from images and use them for Data Science, on your laptop.",13
Luke Hayden,2018-08-09,Principal Component Analysis in R,"In this tutorial, you'll learn how to use PCA to extract data with many variables and create visualizations to display that data.",180
Sejal Jaiswal,2018-08-08,"Python IF, ELIF, and ELSE Statements","In this tutorial, you will learn exclusively about Python if else statements.",16
Keith Singleton,2018-08-07,MeetUp API,"In this tutorial, you‚Äôll learn how to pull data directly from MeetUp‚Äôs API using Python and write it into a JSON.",10
Aditya Sharma,2018-08-06,Image Super-Resolution using Multi-Decoder Framework,"In this tutorial, you‚Äôll implement a medical imaging using deep learning paper with Python in Keras.",12
Sayak  Paul,2018-08-03,DBSCAN: A Macroscopic Investigation in Python,"Cluster analysis is an important problem in data analysis. Data scientists use clustering to identify malfunctioning servers, group genes with similar expression patterns, or various other applications.",21
Avinash Navlani,2018-08-02,KNN Classification using Scikit-learn,Learn K-Nearest Neighbor(KNN) Classification and build KNN classifier using Python Scikit-learn package.,63
Carlos Zelada,2018-07-31,Bivariate Distribution Heatmaps in R,"Learn how to visually show the relationship between two features, how they interact with each other, and where data points are concentrated.",12
Abhishek Kasireddy,2018-07-31,Scraping Reddit with Python and BeautifulSoup 4,"In this tutorial, you'll learn how to get web pages using requests, analyze web pages in the browser, and extract information from raw HTML with BeautifulSoup.",21
Kyle Weller,2018-07-30,How to Execute Python/R in SQL,"After reading this tutorial, you'll know how to embed R & Python scripts in T-SQL statements & know what data types are used to pass data between SQL & Python/R.",13
Sicelo Masango,2018-07-26,Web Scraping using Python,"In this tutorial, you'll learn how to extract data from the web, manipulate and clean data using Python's Pandas library, and data visualize using Python's Matplotlib library.",147
Nishant Kumar,2018-07-25,Working with Modules in Python,Modules enable you to split parts of your program in different files for easier maintenance and better performance.,24
Manish Pathak,2018-07-24,Hierarchical Clustering in R,"Clustering is the most common form of unsupervised learning, a type of machine learning algorithm used to draw inferences from unlabeled data.",35
Sejal Jaiswal,2018-07-24,Python List Index(),"In this tutorial, you will learn exclusively about the index() function.",23
Aditya Sharma,2018-07-20,Autoencoder as a Classifier using Fashion-MNIST Dataset,"In this tutorial, you will learn & understand how to use autoencoder as a classifier in Python with Keras. You'll be using Fashion-MNIST dataset as an example.",16
Aditya Sharma,2018-07-19,Detecting True and Deceptive Hotel Reviews using Machine Learning,"In this tutorial, you‚Äôll use a machine learning algorithm to implement a real-life problem in Python. You will learn how to read multiple text files in python, extract labels, use dataframes and a lot more!",35
Eladio Montero Porras,2018-07-18,Linear Regression in R,"In this tutorial, you will learn the basics behind a very popular statistical model; the linear regression.",55
Lars Hulstaert,2018-07-17,Common data science pitfalls & how to avoid them!,"In this tutorial, you'll learn about some pitfalls you might experience when working on data science projects ""in the wild"".",18
Lars Hulstaert,2018-07-11,Understanding Model Predictions with LIME,Learn about Lime and how it works along with the potential pitfalls that come with using it.,10
Filip Schouwenaars,2018-07-09,Continuous deployment of package documentation with pkgdown and Travis CI,Follow these simple steps to enable continuous deployment of your package documentation.,9
Sayak  Paul,2018-07-05,K-Means Clustering in Python with scikit-learn,Learn about the inner workings of the K-Means clustering algorithm with an interesting case study.,57
Aditya Sharma,2018-06-27,Reconstructing Brain MRI Images Using Deep Learning (Convolutional Autoencoder),"In this tutorial, you'll learn & understand how to read nifti format brain magnetic resonance imaging (MRI) images, reconstructing them using convolutional autoencoder.",26
Michael Galarnyk,2018-06-27,Setup a Data Science Environment on your Computer,"Learn about the various options you have to setup a data science environment with Python, R, Git, and Unix Shell on your local computer.",38
Aditya Sharma,2018-06-26,Reconstructing Fingerprint Images Using Deep Learning (Convolutional Autoencoder),"In this tutorial, you will learn and understand how to read jpeg format fingerprint images, reconstructing them using convolutional autoencoder.",15
Debbie Liske,2018-06-21,Machine Learning and NLP using R: Topic Modeling and Music Classification,"In this tutorial, you will build four models using Latent Dirichlet Allocation (LDA) and K-Means clustering machine learning algorithms.",61
Deepak Jhanji,2018-06-20,Predicting the Status of H-1B Visa Applications,Learn how you can predict the status of a H-1B visa application with Machine Learning in Python.,16
James Le,2018-06-19,Decision Trees in R,"Learn all about decision trees, a form of supervised learning used in a variety of ways to solve regression and classification problems.",52
Jason Graham,2018-06-12,Using Python to Power Spreadsheets in Data Science,"Learn how Python can be used more effectively than Excel, with the Pandas package.",105
Tom Jeon,2018-06-08,Converting Strings to Dates as datetime Objects,Learn how to convert strings to datetime objects in Python and why doing so has become standard practice for working data scientists today.,42
Thushan Ganegedara,2018-06-06,TensorBoard Tutorial,"Visualize the training parameters, metrics, hyperparameters or any statistics of your neural network with TensorBoard!",39
Michael Galarnyk,2018-06-05,Installing Anaconda on Mac OS X,"This tutorial will demonstrate how you can install Anaconda, a powerful package manager, on your Mac.",26
Steph Howson,2018-05-30,Custom Templates for Jupyter Notebooks with Jinja2,Learn how to create custom export templates for your Jupyter Notebooks using Jinja2.,17
Michael Galarnyk,2018-05-23,How to Install and Use Homebrew,"Discover Homebrew for data science: learn how you can use this package manager to install, update, and remove technologies such as Apache Spark and Graphviz.",21
Avinash Navlani,2018-05-16,Understanding Random Forests Classifiers in Python,"Learn about Random Forests and build your own model in Python, for both classification and regression.",65
Tom Jeon,2018-05-09,Pandas Tutorial: Importing Data with read_csv(),Importing data is the first step in any data science project. Learn why today's data scientists prefer pandas' read_csv() function to do this.,75
Stefan Hosein,2018-05-09,Demystifying Generative Adversarial Nets (GANs),Learn what Generative Adversarial Networks are without going into the details of the math and  code a simple GAN that can create digits!,53
Kim Kwonhyun,2018-05-08,Long to Wide Data in R,Learn why you would transform your data from a long to a wide format and vice versa and explore how to do this in R with melt() and dcast()!,25
Francisco Lima,2018-04-26,GFLASSO: Graph-Guided Fused LASSO in R,Explore graph-structured multi-task regression with the GFLASSO  R package with this tutorial!,11
Elias Dabbas,2018-04-24,Absolute and Weighted Frequency of Words in Text,"In this tutorial, you'll learn about absolute and weighted word frequency in text mining and how to calculate it with defaultdict and pandas DataFrames.",13
Lars Hulstaert,2018-04-19,A Beginner's Guide to Object Detection,"Explore the key concepts in object detection and learn how they are implemented in SSD and Faster RCNN, which are available in the Tensorflow Detection API.",67
Minoo Ashtiani,2018-04-17,Network Analysis in R: Centrality Measures,"Explore the definition of centrality, learn what different types of centrality measures exist in network analysis and pick the best one for a given network!",43
James Le,2018-04-10,Logistic Regression in R Tutorial,"Discover all about logistic regression: how it differs from linear regression, how to fit and evaluate these models it in R with the glm() function and more!",98
Hugo Bowne-Anderson,2018-04-10,Getting Started with the Tidyverse: Tutorial,"Start analyzing titanic data with R and the tidyverse: learn how to filter, arrange, summarise, mutate and visualize your data with dplyr and ggplot2!",36
,2018-04-05,Pickle in Python: Object Serialization,"Discover the Python pickle module: learn about serialization, when (not) to use it, how to compress pickled objects, multiprocessing, and much more!",86
Aditya Sharma,2018-04-04,Implementing Autoencoders in Keras: Tutorial,"In this tutorial, you'll learn more about autoencoders and how to build convolutional and denoising autoencoders with the notMNIST dataset in Keras.",65
Debbie Liske,2018-03-29,Tidy Sentiment Analysis in R,"Learn how to perform tidy sentiment analysis in R on Prince's songs, sentiment over time, song level sentiment, the impact of bigrams, and much more!",106
Th√©o Vanderheyden,2018-03-28,Python Object-Oriented Programming (OOP): Tutorial,"Tackle the basics of Object-Oriented Programming (OOP) in Python: explore classes, objects, instance methods, attributes and much more!",169
Sejal Jaiswal,2018-03-14,K-Means Clustering in R Tutorial,"Learn all about clustering and, more specifically, k-means in this R Tutorial, where you'll focus on a case study with Uber data.",100
Dror Atariah,2018-03-08,From Local Machine to Dask Cluster with Terraform,Learn how you can take local code that does grid search with the Scikit-Learn package to a cluster of AWS (EC2) nodes with Terraform.,21
Manish Pathak,2018-03-07,Feature Selection in R with the Boruta R Package,"Tackle feature selection in R: explore the Boruta algorithm, a wrapper built around the Random Forest classification algorithm, and its implementation!",37
Steph Howson,2018-03-06,Python XML with ElementTree: Beginner's Guide,"Learn how you can parse, explore, modify and populate XML files with the Python ElementTree package, for loops and XPath expressions.",85
Hugo Bowne-Anderson,2018-02-28,Experts' Favorite Data Science Techniques,"What are the most favorite techniques of the professional data scientists interviewed in DataFramed, a DataCamp podcast? Explore all 6 of them in this tutorial!",38
Alan Nichol,2018-02-28,Deploy Your Facebook Messenger Bot with Python,"A step-by-step guide to easily deploying a Facebook Messenger chatbot with Python, using Flask, requests and ngrok. ",98
Arvid Kingl,2018-02-27,Web Scraping in R: rvest Tutorial,"Explore web scraping in R with rvest with a real-life project: extract, preprocess and analyze Trustpilot reviews with tidyverse and tidyquant, and much more!",91
Daniel Poston,2018-02-22,Analyzing Poker Hands with Python,"Analyze poker hands with Python and easily implement statistical concepts such as combinations, permutations, (in)dependent events and expected value.",22
Daniel Gremmell,2018-02-20,Ensemble Learning in R with SuperLearner,"Boost your machine learning results and discover ensembles in R with the SuperLearner package: learn about the Random Forest algorithm, bagging, and much more!",33
Svend Vanderveken,2018-02-14,Generating Realistic Random Datasets with Trumania,"Why do data scientists and data engineers work with synthetic data? How do they obtain it? Discover Trumania, a scenario-based random dataset generator library.",26
Stefan Hosein,2018-02-09,Active Learning: Curious AI Algorithms,"Discover active learning, a case of semi-supervised machine learning: from its definition and its benefits, to applications and modern research into it.",78
Johannes Mueller,2018-02-08,Understanding Blockchains by Coding One in R,Implement a small blockchain in R  and learn more about what a blockchain looks like and some of the core concepts behind it!,142
Sejal Jaiswal,2018-02-07,Python Tuples Tutorial,"Learn about Python tuples: what they are, how to create them, when to use them, what operations you perform on them and various functions you should know.",49
Alexis Perrier,2018-02-06,Google Cloud for Data Science: Beginner's Guide,"Learn to set up a data science environment on Google Cloud: create an instance on Google Compute Engine, install Anaconda and run Jupyter notebooks!",80
Kasper Van Lombeek,2018-02-02,Finding Similar Names with Matrix Factorization,Applying matrix factorization on user clicks on hundreds of names on the recommender system NamesILike.com reveal an unseen structure in our first names.,19
Debbie Liske,2018-02-02,Lyric Analysis with NLP & Machine Learning with R,Dive into the lyrics of Prince's music with R: use text mining and Exploratory Data Analysis (EDA) to shed insight on The Artist's career. ,163
Elias Dabbas,2018-01-26,Data Science for Search Engine Marketing (SEM),"In this tutorial, data science meets Search Engine Marketing: learn to create Google AdWords campaigns by generating keywords and ad templates with Python!",73
Chitrank Dixit,2018-01-25,PEP-8 Tutorial: Code Standards in Python,"With this beginner tutorial, you'll start to explore PEP-8, Python's style guide, so that you can start formatting your code correctly to maximize its readability!",64
Sejal Jaiswal,2018-01-23,Python Iterator Tutorial,"Learn all about the Python iterator, how they differ from iterables and generators, and how to build one yourself with __iter__, __next__ and itertools.",12
Lars Hulstaert,2018-01-19,Transfer Learning: Leverage Insights from Big Data,"In this tutorial, you‚Äôll see what transfer learning is, what some of its applications are and why it is critical skill as a data scientist.",48
Sejal Jaiswal,2018-01-18,Python String Tutorial,"In this tutorial, you'll learn all about Python Strings: slicing and striding, manipulating and formatting them with the Formatter class, f-strings, templates and more!",52
Hugo Bowne-Anderson,2018-01-17,Time Series Analysis Tutorial with Python,Get Google Trends data of keywords such as 'diet' and 'gym' and see how they vary over time while learning about trends and seasonality in time series data.,116
Hugo Bowne-Anderson,2018-01-10,Machine Learning with Kaggle: Feature Engineering,"Learn how feature engineering can help you to up your game when building machine learning models in Kaggle: create new columns, transform variables and more!",68
Alexis Perrier,2018-01-05,8 Useful Shell Commands For Data Science,Which shell commands do data scientists use nearly every day? Discover and learn how to use them in this tutorial!,137
Hugo Bowne-Anderson,2018-01-03,Kaggle Tutorial: Your First Machine Learning Model,"Learn how to build your first machine learning model, a decision tree classifier, with the Python scikit-learn package, submit it to Kaggle and see how it performs! ",110
Hugo Bowne-Anderson,2017-12-21,Kaggle Tutorial: EDA & Machine Learning,"In this Kaggle tutorial, you'll learn how to approach and build supervised learning models with the help of exploratory data analysis (EDA) on the Titanic data.",108
Nathaniel D. Phillips,2017-12-20,Fast-and-Frugal Decision Trees in R with FFTrees,An introductory tutorial to fast-and-frugal decision trees in R with the FFTrees package. ,33
Simon Jackson,2017-12-13,Five Tips to Improve Your R Code,"Five useful tips that you can use to effectively improve your R code, from using seq() to create sequences to ditching which() and much more!",125
Sejal Jaiswal,2017-12-12,Python Dictionary Comprehension Tutorial,"Learn all about Python dictionary comprehension: how you can use it to create dictionaries, to replace (nested) for loops or lambda functions with map(), filter() and reduce(), ...!",82
Sejal Jaiswal,2017-12-08,Python Data Structures Tutorial,"Get introduced to Python data structures: learn more about data types and primitive as well as non-primitive data structures, such as strings, lists, stacks, etc.",158
Michael Galarnyk,2017-12-06,AWS EC2 Tutorial For Beginners,Discover why you should use Amazon Web Services Elastic Compute Cloud (EC2) and how you can set up a basic data science environment on a Windows instance.,61
Aditya Sharma,2017-12-05,Convolutional Neural Networks in Python with Keras,"In this tutorial, you‚Äôll learn how to implement Convolutional Neural Networks (CNNs) in Python with Keras, and how to overcome overfitting with dropout.",105
Karlijn Willems,2017-11-23,Formulas in R Tutorial,"Discover the R formula and how you can use it in modeling- and graphical functions of well-known packages such as stats, and ggplot2. ",80
Karlijn Willems,2017-11-16,Pipes in R Tutorial For Beginners,"Learn more about the famous pipe operator %>% and other pipes in R, why and how you should use them and what alternatives you can consider!",165
Lars Hulstaert,2017-10-19,LDA2vec: Word Embeddings in Topic Models,"Learn more about LDA2vec, a model that learns dense word vectors jointly with Dirichlet-distributed latent document-level mixtures of topic vectors.",75
Satyabrata Pal,2017-10-18,Python Loops Tutorial,"A comprehensive introductory tutorial to Python loops. Learn and practice while and for loops, nested loops, the break and continue keywords, the range function and more!",65
Hugo Bowne-Anderson,2017-10-13,Web Scraping & NLP in Python,"Learn to scrape novels from the web and plot word frequency distributions; You will gain experience with Python packages requests, BeautifulSoup and nltk.",114
Hugo Bowne-Anderson,2017-10-02,"Hierarchical indices, groupby and pandas","In this tutorial, you‚Äôll learn about multi-indices for pandas DataFrames and how they arise naturally from groupby operations on real-world data sets.",69
Hugo Bowne-Anderson,2017-09-26,"Groupby, split-apply-combine and pandas","In this tutorial, you'll learn how to use the pandas groupby operation, which draws from the well-known split-apply-combine strategy, on Netflix movie data.",111
Daniel Poston,2017-09-21,Poker Probability and Statistics with Python,"Tackle probability and statistics in Python: learn more about combinations and permutations, dependent and independent events, and expected value.",67
Andrew Brooks,2017-09-12,Graph Optimization with NetworkX in Python,This NetworkX tutorial will show you how to do graph optimization in Python by solving the Chinese Postman Problem in Python. ,74
Katharine Jarmul,2017-08-24,Detecting Fake News with Scikit-Learn,This scikit-learn tutorial will walk you through building a fake news classifier with the help of Bayesian models. ,97
Karlijn Willems,2017-08-10,Python Seaborn Tutorial For Beginners,This Seaborn tutorial introduces you to the basics of statistical data visualization ,138
Karlijn Willems,2017-07-28,Apache Spark Tutorial: ML with PySpark,"Apache Spark tutorial introduces you to big data processing, analysis and ML with PySpark.",94
Daniel Poston,2017-06-20,Scikit-Learn Tutorial: Baseball Analytics  Pt 2,A Scikit-Learn tutorial to using logistic regression and random forest models to predict which baseball players will be voted into the Hall of Fame,29
Karlijn Willems,2017-06-19,The data.table R Package Cheat Sheet,"The data.table cheat sheet helps you master the syntax of this R package, and helps you to do data manipulations.",35
Yassine Alouini,2017-05-29,5 Tips To Write Idiomatic Pandas Code,This tutorial covers 5 ways in which you can easily write pandorable or more idiomatic Pandas code. ,34
,2017-05-08,Asyncio: An Introduction,A short introduction to asynchronous I/O with the asyncio package. ,15
Daniel Poston,2017-05-04,Scikit-Learn Tutorial: Baseball Analytics Pt 1,A scikit-learn tutorial to predicting MLB wins per season by modeling data to KMeans clustering model and linear regression models. ,40
Juan  Nunez-Iglesias,2017-04-19,Viewing 3D Volumetric Data With Matplotlib,"In this Python tutorial, you'll make use of Matplotlib's event handler API to display the slices of an MRI data set.  ",28
Yan Holtz,2017-04-14,The R Graph Gallery's Top 5 Most Visited Graph Themes,A list of the 5 most popular graphs among R users and enthusiasts. ,12
Jean-Nicholas Hould,2017-04-13,Exploratory Data Analysis of Craft Beers: Data Profiling,"In this tutorial, you'll learn about exploratory data analysis (EDA) in Python, and more specifically, data profiling with pandas.",33
Karlijn Willems,2017-03-28,Apache Spark in Python: Beginner's Guide,"A beginner's guide to Spark in Python based on 9 popular questions, such as how to install PySpark in Jupyter Notebook, best practices,... ",126
Dan Becker,2017-03-23,Deep Learning With Jupyter Notebooks In The Cloud,This step-by-step tutorial will show you how to set up and use Jupyter Notebook on Amazon Web Services (AWS) EC2 GPU for deep learning. ,124
Karlijn Willems,2017-03-15,Python Exploratory Data Analysis Tutorial,"Learn the basics of Exploratory Data Analysis (EDA) in Python with Pandas, Matplotlib and NumPy, such as sampling, feature engineering, correlation, etc.",114
Thomas Wielfaert,2017-02-16,Python Dictionary Tutorial,"In this Python tutorial, you'll learn how to create a dictionary, load data in it, filter, get and sort the values, and perform other dictionary operations. ",27
Ted Kwartler,2017-02-09,Algorithmic Trading in R Tutorial,"In this R tutorial, you'll do web scraping, hit a finance API and use an htmlwidget to make an interactive time series chart to perform a simple algorithmic trading strategy",30
Karlijn Willems,2017-02-08,Scipy Tutorial: Vectors and Arrays (Linear Algebra),"A SciPy tutorial in which you'll learn the basics of linear algebra that you need for machine learning in Python, with a focus how to with NumPy.  ",27
Yao-Jen Kuo,2017-01-27,Scikit-Learn ÊïôÂ≠∏ÔºöPython ËàáÊ©üÂô®Â≠∏Áøí,Á∞°ÂñÆÊòìÊáÇÁöÑ scikit-learn ÊïôÂ≠∏ÔºåÈÅ©ÂêàÊÉ≥Ë¶Å‰ΩøÁî® Python ÂØ¶‰ΩúÊ©üÂô®Â≠∏ÁøíÁöÑÂàùÂ≠∏ËÄÖÈñ±ËÆÄ„ÄÇ,58
Ted Kwartler,2017-01-26,Exploring H-1B Data with R: Part 3,Learn how to geocode locations and map them with R,7
Ted Kwartler,2017-01-19,Exploring H-1B Data with R: Part 2,"Learn even more about exploratory data analysis with R in the second part of the ""Exploring H-1B Data"" tutorial series",5
Ted Kwartler,2017-01-12,Web Scraping and Parsing Data in R |  Exploring H-1b Data Pt. 1,"Learn how to scrape data from the web, preprocess it and perform a basic exploratory data analysis with R ",17
Karlijn Willems,2017-01-10,15 Easy Solutions To Your Data Frame Problems In R,"Discover how to create a data frame in R, change column and row names, access values, attach data frames, apply functions and much more.",57
Karlijn Willems,2016-12-05,40+ Python Statistics For Data Science Resources,A list of Python resources for the eight statistics topics that you need to know to excel in data science,49
Karlijn Willems,2016-10-18,Learn Data Science - Infographic,Start your data science journey now and follow these 8 steps to learn data science.,46
Karlijn Willems,2016-10-12,Python For Data Science - A Cheat Sheet For Beginners,This handy one-page reference presents the Python basics that you need to do data science,44
Karlijn Willems,2016-09-21,Learn Data Science - Resources for Python & R,"Data science resources you haven't considered (yet) - The best projects, tutorials, talks, podcasts, webinars, books, and much more to learn data science.",50
Ted Kwartler,2016-09-02,Text Mining in R: Are Pok√©mon GO Mentions Really Driving Up Stock Prices?,"Recreate your own news trends feature in R, mining Pok√©mon GO data from Google News Trends and Yahoo Finance.",6
Jacob Moody,2016-08-05,Driving R Adoption in Your Company,Build a better R culture at your company with an internal meetup!,6
Hugo Bowne-Anderson,2016-05-10,Preprocessing in Data Science (Part 3): Scaling Synthesized Data,You can preprocess the heck out of your data but the proof is in the pudding: how well does your model then perform?,13
Hugo Bowne-Anderson,2016-05-03,"Preprocessing in Data Science (Part 2): Centering, Scaling and Logistic Regression",Discover whether centering and scaling help your model in a logistic regression setting.,25
Hugo Bowne-Anderson,2016-04-26,"Preprocessing in Data Science (Part 1): Centering, Scaling, and KNN",This article will explain the importance of preprocessing in the machine learning pipeline by examining how centering and scaling can improve model performance.,58
Karlijn Willems,2015-11-10,The Data Science Industry: Who Does What (Infographic),"This infograph compares the roles of data scientists, data analysts, data architects, data engineers and more in the data science industry.",69
Filip Schouwenaars,2015-03-16,Web Scraping with R and PhantomJS,Short tutorial on scraping Javascript generated data with R using PhantomJS.,28
Karlijn Willems,2015-03-04,How to Speak Data Science,Data Science has its own language. This is a great list of often-heard data science terminology and quotes by Datacamp.,17
Karlijn Willems,2015-02-03,"A data.table R Tutorial:  Intro to DT[i, j, by]",The free data.table R tutorial explains the basics and syntax of the data.table package for R. Master the data.table syntax now.,8
Karlijn Willems,2014-11-10,Become A Data Scientist in 8 Steps: Infographic,This DataCamp infographic outlines how you can become a data scientist in 8 steps. This guide is for everyone interested in data science.,54
Karlijn Willems,2014-08-04,The RDocumentation Poster,"Rdocumentation.org is the only R documentation and R manuals aggregator that lets you search everything from CRAN, Bioconductor and GitHub.",2
Karlijn Willems,2014-06-09,Decimal Comma or Point? A googleVis visualization,Decimal comma or decimal point? A handy tool to indicate the decimal separator used in each country so you never make a mistake in your sheet,3
Karlijn Willems,2014-06-03,What Is the Best Statistical Programming Language? Infograph,"The infograph 'Statistical Language Wars' compares statistical programming language like SAS, R and SPSS to see how they stack up.",6
Karlijn Willems,2014-03-31,Data Science Cartoons: a Top Seven List by DataCamp,The 7 funniest data science cartoons on the web selected by you. A selection made by DataCamp to celebrate April's fools day.,10
Karlijn Willems,2014-03-17,R posts on Stack Overflow | A Top 5 selection by DataCamp,Stack Overflow is a useful resource for technical questions. At DataCamp we wanted to share our favourite R posts on Stack Overflow.,4
Karlijn Willems,2013-12-04,Coursera Courses on R: Complete List Ranked by ‚ÄúPopularity‚Äù,"A list of all Coursera courses on R. These courses use R as their first choice, or as one of the statistical software packages for homework.",6
